{
  "supplemental": {
    "version": {
      "_cldrVersion": "26",
      "_number": "$Revision: 8242 $"
    },
    "generation": {
      "_date": "$Date: 2013-02-24 21:06:02 -0600 (Sun, 24 Feb 2013) $"
    },
    "dayPeriodRuleSet": {
      "bg": [
        {
          "afternoon": {
            "_before": "18:00",
            "_from": "15:00"
          }
        },
        {
          "earlyMorning": {
            "_before": "6:00",
            "_from": "5:00"
          }
        },
        {
          "evening": {
            "_before": "20:00",
            "_from": "18:00"
          }
        },
        {
          "lateEvening": {
            "_before": "22:00",
            "_from": "20:00"
          }
        },
        {
          "lateMorning": {
            "_before": "12:00",
            "_from": "10:00"
          }
        },
        {
          "midDay": {
            "_after": "12:00",
            "_before": "15:00"
          }
        },
        {
          "morning": {
            "_before": "10:00",
            "_from": "6:00"
          }
        },
        {
          "night": {
            "_before": "24:00",
            "_from": "22:00"
          }
        },
        {
          "noon": {
            "_at": "12:00"
          }
        },
        {
          "weeHours": {
            "_before": "5:00",
            "_from": "00:00"
          }
        }
      ],
      "chr": [
        {
          "am": {
            "_before": "12:00",
            "_from": "0:00"
          }
        },
        {
          "noon": {
            "_at": "12:00"
          }
        },
        {
          "pm": {
            "_after": "12:00",
            "_before": "24:00"
          }
        }
      ],
      "da": [
        {
          "afternoon": {
            "_after": "12:00",
            "_before": "17:00"
          }
        },
        {
          "earlyMorning": {
            "_before": "9:00",
            "_from": "0:00"
          }
        },
        {
          "evening": {
            "_before": "21:00",
            "_from": "17:00"
          }
        },
        {
          "morning": {
            "_before": "12:00",
            "_from": "9:00"
          }
        },
        {
          "night": {
            "_before": "24:00",
            "_from": "21:00"
          }
        },
        {
          "noon": {
            "_at": "12:00"
          }
        }
      ],
      "de": [
        {
          "afternoon": {
            "_after": "12:00",
            "_before": "17:00"
          }
        },
        {
          "earlyMorning": {
            "_before": "9:00",
            "_from": "0:00"
          }
        },
        {
          "evening": {
            "_before": "21:00",
            "_from": "17:00"
          }
        },
        {
          "morning": {
            "_before": "12:00",
            "_from": "9:00"
          }
        },
        {
          "night": {
            "_before": "24:00",
            "_from": "21:00"
          }
        },
        {
          "noon": {
            "_at": "12:00"
          }
        }
      ],
      "ee": [
        {
          "afternoon": {
            "_before": "18:00",
            "_from": "14:00"
          }
        },
        {
          "earlyAfternoon": {
            "_before": "14:00",
            "_from": "12:00"
          }
        },
        {
          "evening": {
            "_before": "21:00",
            "_from": "18:00"
          }
        },
        {
          "morning": {
            "_before": "12:00",
            "_from": "05:00"
          }
        },
        {
          "night": {
            "_before": "4:00",
            "_from": "21:00"
          }
        },
        {
          "weeHours": {
            "_before": "05:00",
            "_from": "04:00"
          }
        }
      ],
      "en": [
        {
          "am": {
            "_before": "12:00",
            "_from": "0:00"
          }
        },
        {
          "noon": {
            "_at": "12:00"
          }
        },
        {
          "pm": {
            "_after": "12:00",
            "_before": "24:00"
          }
        }
      ],
      "fa": [
        {
          "afternoon": {
            "_before": "19:00",
            "_from": "16:00"
          }
        },
        {
          "earlyMorning": {
            "_before": "06:00",
            "_from": "01:00"
          }
        },
        {
          "midDay": {
            "_after": "12:00",
            "_before": "16:00"
          }
        },
        {
          "morning": {
            "_before": "12:00",
            "_from": "06:00"
          }
        },
        {
          "night": {
            "_before": "24:00",
            "_from": "19:00"
          }
        },
        {
          "noon": {
            "_at": "12:00"
          }
        },
        {
          "weeHours": {
            "_before": "01:00",
            "_from": "00:00"
          }
        }
      ],
      "fr": [
        {
          "afternoon": {
            "_after": "12:00",
            "_before": "19:00"
          }
        },
        {
          "morning": {
            "_before": "12:00",
            "_from": "00:00"
          }
        },
        {
          "night": {
            "_before": "24:00",
            "_from": "19:00"
          }
        },
        {
          "noon": {
            "_at": "12:00"
          }
        }
      ],
      "hr": [
        {
          "afternoon": {
            "_after": "12:00",
            "_before": "17:00"
          }
        },
        {
          "earlyMorning": {
            "_before": "9:00",
            "_from": "0:00"
          }
        },
        {
          "evening": {
            "_before": "21:00",
            "_from": "17:00"
          }
        },
        {
          "morning": {
            "_before": "12:00",
            "_from": "9:00"
          }
        },
        {
          "night": {
            "_before": "24:00",
            "_from": "21:00"
          }
        },
        {
          "noon": {
            "_at": "12:00"
          }
        }
      ],
      "id": [
        {
          "afternoon": {
            "_before": "18:00",
            "_from": "15:00"
          }
        },
        {
          "earlyMorning": {
            "_before": "5:00",
            "_from": "3:00"
          }
        },
        {
          "midDay": {
            "_before": "15:00",
            "_from": "10:00"
          }
        },
        {
          "morning": {
            "_before": "10:00",
            "_from": "5:00"
          }
        },
        {
          "night": {
            "_before": "3:00",
            "_from": "18:00"
          }
        }
      ],
      "nl": [
        {
          "afternoon": {
            "_after": "12:00",
            "_before": "17:00"
          }
        },
        {
          "earlyMorning": {
            "_before": "9:00",
            "_from": "0:00"
          }
        },
        {
          "evening": {
            "_before": "21:00",
            "_from": "17:00"
          }
        },
        {
          "morning": {
            "_before": "12:00",
            "_from": "9:00"
          }
        },
        {
          "night": {
            "_before": "24:00",
            "_from": "21:00"
          }
        },
        {
          "noon": {
            "_at": "12:00"
          }
        }
      ],
      "pl": [
        {
          "afternoon": {
            "_after": "12:00",
            "_before": "16:00"
          }
        },
        {
          "earlyMorning": {
            "_before": "5:00",
            "_from": "3:00"
          }
        },
        {
          "evening": {
            "_before": "22:00",
            "_from": "16:00"
          }
        },
        {
          "lateMorning": {
            "_before": "12:00",
            "_from": "10:00"
          }
        },
        {
          "morning": {
            "_before": "10:00",
            "_from": "5:00"
          }
        },
        {
          "night": {
            "_before": "3:00",
            "_from": "22:00"
          }
        },
        {
          "noon": {
            "_at": "12:00"
          }
        }
      ],
      "pt": [
        {
          "afternoon": {
            "_after": "12:00",
            "_before": "19:00"
          }
        },
        {
          "morning": {
            "_before": "12:00",
            "_from": "00:00"
          }
        },
        {
          "night": {
            "_before": "24:00",
            "_from": "19:00"
          }
        },
        {
          "noon": {
            "_at": "12:00"
          }
        }
      ],
      "root": [
        {
          "am": {
            "_before": "12:00",
            "_from": "0:00"
          }
        },
        {
          "pm": {
            "_before": "24:00",
            "_from": "12:00"
          }
        }
      ],
      "ta": [
        {
          "afternoon": {
            "_before": "18:00",
            "_from": "14:00"
          }
        },
        {
          "earlyMorning": {
            "_before": "6:00",
            "_from": "2:00"
          }
        },
        {
          "evening": {
            "_before": "22:00",
            "_from": "18:00"
          }
        },
        {
          "lateMorning": {
            "_before": "14:00",
            "_from": "10:00"
          }
        },
        {
          "morning": {
            "_before": "10:00",
            "_from": "6:00"
          }
        },
        {
          "night": {
            "_before": "2:00",
            "_from": "22:00"
          }
        }
      ],
      "te": [
        {
          "afternoon": {
            "_after": "12:00",
            "_before": "15:00"
          }
        },
        {
          "earlyMorning": {
            "_before": "6:00",
            "_from": "3:00"
          }
        },
        {
          "evening": {
            "_before": "18:00",
            "_from": "15:00"
          }
        },
        {
          "morning": {
            "_before": "12:00",
            "_from": "6:00"
          }
        },
        {
          "night": {
            "_before": "3:00",
            "_from": "18:00"
          }
        },
        {
          "noon": {
            "_at": "12:00"
          }
        }
      ],
      "uk": [
        {
          "afternoon": {
            "_before": "17:00",
            "_from": "12:00"
          }
        },
        {
          "evening": {
            "_before": "24:00",
            "_from": "17:00"
          }
        },
        {
          "morning": {
            "_before": "12:00",
            "_from": "3:00"
          }
        },
        {
          "night": {
            "_before": "3:00",
            "_from": "00:00"
          }
        }
      ],
      "zh": [
        {
          "afternoon": {
            "_before": "18:00",
            "_from": "13:00"
          }
        },
        {
          "earlyMorning": {
            "_before": "6:00",
            "_from": "4:00"
          }
        },
        {
          "midDay": {
            "_before": "13:00",
            "_from": "12:00"
          }
        },
        {
          "morning": {
            "_before": "12:00",
            "_from": "6:00"
          }
        },
        {
          "night": {
            "_before": "24:00",
            "_from": "18:00"
          }
        },
        {
          "weeHours": {
            "_before": "4:00",
            "_from": "00:00"
          }
        }
      ]
    }
  }
}
