{
  "supplemental": {
    "version": {
      "_cldrVersion": "26",
      "_number": "$Revision: 10969 $"
    },
    "generation": {
      "_date": "$Date: 2014-09-11 12:17:53 -0500 (Thu, 11 Sep 2014) $"
    },
    "measurementData": {
      "measurementSystem": {
        "001": "metric",
        "LR": "US",
        "MM": "US",
        "US": "US"
      },
      "paperSize": {
        "001": "A4",
        "BZ": "US-Letter",
        "CA": "US-Letter",
        "CL": "US-Letter",
        "CO": "US-Letter",
        "CR": "US-Letter",
        "GT": "US-Letter",
        "MX": "US-Letter",
        "NI": "US-Letter",
        "PA": "US-Letter",
        "PH": "US-Letter",
        "PR": "US-Letter",
        "SV": "US-Letter",
        "US": "US-Letter",
        "VE": "US-Letter"
      }
    }
  }
}
