{
  "supplemental": {
    "version": {
      "_cldrVersion": "26",
      "_number": "$Revision: 10930 $"
    },
    "generation": {
      "_date": "$Date: 2014-09-03 10:41:40 -0500 (Wed, 03 Sep 2014) $"
    },
    "primaryZones": {
      "CL": "America/Santiago",
      "CN": "Asia/Shanghai",
      "DE": "Europe/Berlin",
      "EC": "America/Guayaquil",
      "ES": "Europe/Madrid",
      "MH": "Pacific/Majuro",
      "MY": "Asia/Kuala_Lumpur",
      "NZ": "Pacific/Auckland",
      "PT": "Europe/Lisbon",
      "UA": "Europe/Kiev",
      "UZ": "Asia/Tashkent"
    }
  }
}
